CatalogKey,CatalogPosition,ItemNumber,ColorCode
ALL,1,ANGLERCFB,5KF
ALL,1,ANN210010,210
ALL,1,ANN210011,210
ALL,1,ANN210030,210
ALL,1,ANN210031,210
ALL,1,ANN210112,210
ALL,1,ANN210113,210
ALL,1,ANN210132,210
ALL,1,ANN210133,210
ALL,1,ANN210616,210
ALL,1,ANN210636,210
ALL,1,ANN210714,210
ALL,1,ANN210734,210
ALL,1,ANN210N10,210
ALL,1,ANN210N30,210
ALL,1,ANN3A1010,3A1
ALL,1,ANN3A1011,3A1
ALL,1,ANN3A1030,3A1
ALL,1,ANN3A1031,3A1
ALL,1,ANN3A1112,3A1
ALL,1,ANN3A1113,3A1
ALL,1,ANN3A1132,3A1
ALL,1,ANN3A1133,3A1
ALL,1,ANN3A1616,3A1
ALL,1,ANN3A1636,3A1
ALL,1,ANN3A1714,3A1
ALL,1,ANN3A1734,3A1
ALL,1,ANN3A1N10,3A1
ALL,1,ANN3A1N30,3A1
ALL,1,ANN51M010,51M
ALL,1,ANN51M011,51M
ALL,1,ANN51M030,51M
ALL,1,ANN51M031,51M
ALL,1,ANN51M112,51M
ALL,1,ANN51M113,51M
ALL,1,ANN51M132,51M
ALL,1,ANN51M133,51M
ALL,1,ANN51M616,51M
ALL,1,ANN51M636,51M
ALL,1,ANN51M714,51M
ALL,1,ANN51M734,51M
ALL,1,ANN51MN10,51M
ALL,1,ANN51MN30,51M
ALL,1,ANN9EN010,9EN
ALL,1,ANN9EN011,9EN
ALL,1,ANN9EN030,9EN
ALL,1,ANN9EN031,9EN
ALL,1,ANN9EN112,9EN
ALL,1,ANN9EN113,9EN
ALL,1,ANN9EN132,9EN
ALL,1,ANN9EN133,9EN
ALL,1,ANN9EN616,9EN
ALL,1,ANN9EN636,9EN
ALL,1,ANN9EN714,9EN
ALL,1,ANN9EN734,9EN
ALL,1,ANN9ENN10,9EN
ALL,1,ANN9ENN30,9EN
ALL,1,BAL081010,081
ALL,1,BAL081011,081
ALL,1,BAL081030,081
ALL,1,BAL081031,081
ALL,1,BAL081112,081
ALL,1,BAL081113,081
ALL,1,BAL081132,081
ALL,1,BAL081133,081
ALL,1,BAL081616,081
ALL,1,BAL081636,081
ALL,1,BAL081714,081
ALL,1,BAL081734,081
ALL,1,BAL081N10,081
ALL,1,BAL081N30,081
ALL,1,BAL111010,111
ALL,1,BAL111011,111
ALL,1,BAL111030,111
ALL,1,BAL111031,111
ALL,1,BAL111112,111
ALL,1,BAL111113,111
ALL,1,BAL111132,111
ALL,1,BAL111133,111
ALL,1,BAL111616,111
ALL,1,BAL111636,111
ALL,1,BAL111714,111
ALL,1,BAL111734,111
ALL,1,BAL111N10,111
ALL,1,BAL111N30,111
ALL,1,BAL220010,220
ALL,1,BAL220011,220
ALL,1,BAL220030,220
ALL,1,BAL220031,220
ALL,1,BAL220112,220
ALL,1,BAL220113,220
ALL,1,BAL220132,220
ALL,1,BAL220133,220
ALL,1,BAL220616,220
ALL,1,BAL220636,220
ALL,1,BAL220714,220
ALL,1,BAL220734,220
ALL,1,BAL220N10,220
ALL,1,BAL220N30,220
ALL,1,BAL424010,424
ALL,1,BAL424011,424
ALL,1,BAL424030,424
ALL,1,BAL424031,424
ALL,1,BAL424112,424
ALL,1,BAL424113,424
ALL,1,BAL424132,424
ALL,1,BAL424133,424
ALL,1,BAL424616,424
ALL,1,BAL424636,424
ALL,1,BAL424714,424
ALL,1,BAL424734,424
ALL,1,BAL424N10,424
ALL,1,BAL424N30,424
ALL,1,BALLYHOOCFB,7KA
ALL,1,BASSLSBPRF,0KA
ALL,1,BASSLSBPRF,0KA
ALL,1,BASSLSBPRF,0KA
ALL,1,BASSLSBPRF,0KA
ALL,1,BASSLSBPRF,0KA
ALL,1,BASSLSBPRF,0KA
ALL,1,BLGILLTHX,0AC
ALL,1,BOATKOOZIE,3KA
ALL,1,BONEFISHCFB,0KA
ALL,1,BRKINGPATCH,7LA
ALL,1,CAB111000,111
ALL,1,CAB111001,111
ALL,1,CAB111020,111
ALL,1,CAB111021,111
ALL,1,CAB111102,111
ALL,1,CAB111103,111
ALL,1,CAB111122,111
ALL,1,CAB111123,111
ALL,1,CAB111606,111
ALL,1,CAB111626,111
ALL,1,CAB111704,111
ALL,1,CAB111724,111
ALL,1,CAB111N00,111
ALL,1,CAB111N20,111
ALL,1,CAB115000,115
ALL,1,CAB115001,115
ALL,1,CAB115020,115
ALL,1,CAB115021,115
ALL,1,CAB115102,115
ALL,1,CAB115103,115
ALL,1,CAB115122,115
ALL,1,CAB115123,115
ALL,1,CAB115606,115
ALL,1,CAB115626,115
ALL,1,CAB115704,115
ALL,1,CAB115724,115
ALL,1,CAB115N00,115
ALL,1,CAB115N20,115
ALL,1,CAB17M000,17M
ALL,1,CAB17M001,17M
ALL,1,CAB17M020,17M
ALL,1,CAB17M021,17M
ALL,1,CAB17M102,17M
ALL,1,CAB17M103,17M
ALL,1,CAB17M122,17M
ALL,1,CAB17M123,17M
ALL,1,CAB17M606,17M
ALL,1,CAB17M626,17M
ALL,1,CAB17M704,17M
ALL,1,CAB17M724,17M
ALL,1,CAB17MN00,17M
ALL,1,CAB17MN20,17M
ALL,1,CAB220000,220
ALL,1,CAB220001,220
ALL,1,CAB220020,220
ALL,1,CAB220021,220
ALL,1,CAB220102,220
ALL,1,CAB220103,220
ALL,1,CAB220122,220
ALL,1,CAB220123,220
ALL,1,CAB220606,220
ALL,1,CAB220626,220
ALL,1,CAB220704,220
ALL,1,CAB220724,220
ALL,1,CAB220N00,220
ALL,1,CAB220N20,220
ALL,1,CAL141000,141
ALL,1,CAL141001,141
ALL,1,CAL141020,141
ALL,1,CAL141021,141
ALL,1,CAL141102,141
ALL,1,CAL141103,141
ALL,1,CAL141122,141
ALL,1,CAL141123,141
ALL,1,CAL141606,141
ALL,1,CAL141626,141
ALL,1,CAL141704,141
ALL,1,CAL141724,141
ALL,1,CAL141N00,141
ALL,1,CAL141N20,141
ALL,1,CAL220000,220
ALL,1,CAL220001,220
ALL,1,CAL220020,220
ALL,1,CAL220021,220
ALL,1,CAL220102,220
ALL,1,CAL220103,220
ALL,1,CAL220122,220
ALL,1,CAL220123,220
ALL,1,CAL220606,220
ALL,1,CAL220626,220
ALL,1,CAL220704,220
ALL,1,CAL220724,220
ALL,1,CAL220N00,220
ALL,1,CAL220N20,220
ALL,1,CAL413000,413
ALL,1,CAL413001,413
ALL,1,CAL413020,413
ALL,1,CAL413021,413
ALL,1,CAL413102,413
ALL,1,CAL413103,413
ALL,1,CAL413122,413
ALL,1,CAL413123,413
ALL,1,CAL413606,413
ALL,1,CAL413626,413
ALL,1,CAL413704,413
ALL,1,CAL413724,413
ALL,1,CAL413N00,413
ALL,1,CAL413N20,413
ALL,1,CAL41H000,41H
ALL,1,CAL41H001,41H
ALL,1,CAL41H020,41H
ALL,1,CAL41H021,41H
ALL,1,CAL41H102,41H
ALL,1,CAL41H103,41H
ALL,1,CAL41H122,41H
ALL,1,CAL41H123,41H
ALL,1,CAL41H606,41H
ALL,1,CAL41H626,41H
ALL,1,CAL41H704,41H
ALL,1,CAL41H724,41H
ALL,1,CAL41HN00,41H
ALL,1,CAL41HN20,41H
ALL,1,CAL9EN000,9EN
ALL,1,CAL9EN001,9EN
ALL,1,CAL9EN020,9EN
ALL,1,CAL9EN021,9EN
ALL,1,CAL9EN102,9EN
ALL,1,CAL9EN103,9EN
ALL,1,CAL9EN122,9EN
ALL,1,CAL9EN123,9EN
ALL,1,CAL9EN606,9EN
ALL,1,CAL9EN626,9EN
ALL,1,CAL9EN704,9EN
ALL,1,CAL9EN724,9EN
ALL,1,CAL9ENN00,9EN
ALL,1,CAL9ENN20,9EN
ALL,1,CARPPH,9BC
ALL,1,CATFISHPH,8KC
ALL,1,CHE141000,141
ALL,1,CHE141001,141
ALL,1,CHE141020,141
ALL,1,CHE141021,141
ALL,1,CHE141102,141
ALL,1,CHE141103,141
ALL,1,CHE141122,141
ALL,1,CHE141123,141
ALL,1,CHE141606,141
ALL,1,CHE141626,141
ALL,1,CHE141704,141
ALL,1,CHE141724,141
ALL,1,CHE141N00,141
ALL,1,CHE141N20,141
ALL,1,CHE51N000,51N
ALL,1,CHE51N001,51N
ALL,1,CHE51N020,51N
ALL,1,CHE51N021,51N
ALL,1,CHE51N102,51N
ALL,1,CHE51N103,51N
ALL,1,CHE51N122,51N
ALL,1,CHE51N123,51N
ALL,1,CHE51N606,51N
ALL,1,CHE51N626,51N
ALL,1,CHE51N704,51N
ALL,1,CHE51N724,51N
ALL,1,CHE51NN00,51N
ALL,1,CHE51NN20,51N
ALL,1,CHE54B000,54B
ALL,1,CHE54B001,54B
ALL,1,CHE54B020,54B
ALL,1,CHE54B021,54B
ALL,1,CHE54B102,54B
ALL,1,CHE54B103,54B
ALL,1,CHE54B122,54B
ALL,1,CHE54B123,54B
ALL,1,CHE54B606,54B
ALL,1,CHE54B626,54B
ALL,1,CHE54B704,54B
ALL,1,CHE54B724,54B
ALL,1,CHE54BN00,54B
ALL,1,CHE54BN20,54B
ALL,1,CHE640000,640
ALL,1,CHE640001,640
ALL,1,CHE640020,640
ALL,1,CHE640021,640
ALL,1,CHE640102,640
ALL,1,CHE640103,640
ALL,1,CHE640122,640
ALL,1,CHE640123,640
ALL,1,CHE640606,640
ALL,1,CHE640626,640
ALL,1,CHE640704,640
ALL,1,CHE640724,640
ALL,1,CHE640N00,640
ALL,1,CHE640N20,640
ALL,1,CHE75O000,75O
ALL,1,CHE75O001,75O
ALL,1,CHE75O020,75O
ALL,1,CHE75O021,75O
ALL,1,CHE75O102,75O
ALL,1,CHE75O103,75O
ALL,1,CHE75O122,75O
ALL,1,CHE75O123,75O
ALL,1,CHE75O606,75O
ALL,1,CHE75O626,75O
ALL,1,CHE75O704,75O
ALL,1,CHE75O724,75O
ALL,1,CHE75ON00,75O
ALL,1,CHE75ON20,75O
ALL,1,CHE77M000,77M
ALL,1,CHE77M001,77M
ALL,1,CHE77M020,77M
ALL,1,CHE77M021,77M
ALL,1,CHE77M102,77M
ALL,1,CHE77M103,77M
ALL,1,CHE77M122,77M
ALL,1,CHE77M123,77M
ALL,1,CHE77M606,77M
ALL,1,CHE77M626,77M
ALL,1,CHE77M704,77M
ALL,1,CHE77M724,77M
ALL,1,CHE77MN00,77M
ALL,1,CHE77MN20,77M
ALL,1,CLK40G020,40G
ALL,1,CLK40G021,40G
ALL,1,CLK40G122,40G
ALL,1,CLK40G123,40G
ALL,1,CLK40G626,40G
ALL,1,CLK40G724,40G
ALL,1,CLK40GN20,40G
ALL,1,CLKA05020,A05
ALL,1,CLKA05021,A05
ALL,1,CLKA05122,A05
ALL,1,CLKA05123,A05
ALL,1,CLKA05626,A05
ALL,1,CLKA05724,A05
ALL,1,CLKA05N20,A05
ALL,1,CLKG00020,G00
ALL,1,CLKG00021,G00
ALL,1,CLKG00122,G00
ALL,1,CLKG00123,G00
ALL,1,CLKG00626,G00
ALL,1,CLKG00724,G00
ALL,1,CLKG00N20,G00
ALL,1,COC02N000,02N
ALL,1,COC02N001,02N
ALL,1,COC02N020,02N
ALL,1,COC02N021,02N
ALL,1,COC02N102,02N
ALL,1,COC02N103,02N
ALL,1,COC02N122,02N
ALL,1,COC02N123,02N
ALL,1,COC02N606,02N
ALL,1,COC02N626,02N
ALL,1,COC02N704,02N
ALL,1,COC02N724,02N
ALL,1,COC02NN00,02N
ALL,1,COC02NN20,02N
ALL,1,COC151000,151
ALL,1,COC151001,151
ALL,1,COC151020,151
ALL,1,COC151021,151
ALL,1,COC151102,151
ALL,1,COC151103,151
ALL,1,COC151122,151
ALL,1,COC151123,151
ALL,1,COC151606,151
ALL,1,COC151626,151
ALL,1,COC151704,151
ALL,1,COC151724,151
ALL,1,COC151N00,151
ALL,1,COC151N20,151
ALL,1,COC521000,521
ALL,1,COC521001,521
ALL,1,COC521020,521
ALL,1,COC521021,521
ALL,1,COC521102,521
ALL,1,COC521103,521
ALL,1,COC521122,521
ALL,1,COC521123,521
ALL,1,COC521606,521
ALL,1,COC521626,521
ALL,1,COC521704,521
ALL,1,COC521724,521
ALL,1,COC521N00,521
ALL,1,COC521N20,521
ALL,1,COM2HO000,2HO
ALL,1,COM2HO001,2HO
ALL,1,COM2HO020,2HO
ALL,1,COM2HO021,2HO
ALL,1,COM2HO102,2HO
ALL,1,COM2HO103,2HO
ALL,1,COM2HO122,2HO
ALL,1,COM2HO123,2HO
ALL,1,COM2HO606,2HO
ALL,1,COM2HO626,2HO
ALL,1,COM2HO704,2HO
ALL,1,COM2HO724,2HO
ALL,1,COM2HON00,2HO
ALL,1,COM2HON20,2HO
ALL,1,COM470000,470
ALL,1,COM470001,470
ALL,1,COM470020,470
ALL,1,COM470021,470
ALL,1,COM470102,470
ALL,1,COM470103,470
ALL,1,COM470122,470
ALL,1,COM470123,470
ALL,1,COM470606,470
ALL,1,COM470626,470
ALL,1,COM470704,470
ALL,1,COM470724,470
ALL,1,COM470N00,470
ALL,1,COM470N20,470
ALL,1,COM57M000,57M
ALL,1,COM57M001,57M
ALL,1,COM57M020,57M
ALL,1,COM57M021,57M
ALL,1,COM57M102,57M
ALL,1,COM57M103,57M
ALL,1,COM57M122,57M
ALL,1,COM57M123,57M
ALL,1,COM57M606,57M
ALL,1,COM57M626,57M
ALL,1,COM57M704,57M
ALL,1,COM57M724,57M
ALL,1,COM57MN00,57M
ALL,1,COM57MN20,57M
ALL,1,COM74B000,74B
ALL,1,COM74B001,74B
ALL,1,COM74B020,74B
ALL,1,COM74B021,74B
ALL,1,COM74B102,74B
ALL,1,COM74B103,74B
ALL,1,COM74B122,74B
ALL,1,COM74B123,74B
ALL,1,COM74B606,74B
ALL,1,COM74B626,74B
ALL,1,COM74B704,74B
ALL,1,COM74B724,74B
ALL,1,COM74BN00,74B
ALL,1,COM74BN20,74B
ALL,1,COM871000,871
ALL,1,COM871001,871
ALL,1,COM871020,871
ALL,1,COM871021,871
ALL,1,COM871102,871
ALL,1,COM871103,871
ALL,1,COM871122,871
ALL,1,COM871123,871
ALL,1,COM871606,871
ALL,1,COM871626,871
ALL,1,COM871704,871
ALL,1,COM871724,871
ALL,1,COM871N00,871
ALL,1,COM871N20,871
ALL,1,COU11N000,11N
ALL,1,COU11N001,11N
ALL,1,COU11N020,11N
ALL,1,COU11N021,11N
ALL,1,COU11N102,11N
ALL,1,COU11N103,11N
ALL,1,COU11N122,11N
ALL,1,COU11N123,11N
ALL,1,COU11N606,11N
ALL,1,COU11N626,11N
ALL,1,COU11N704,11N
ALL,1,COU11N724,11N
ALL,1,COU11NN00,11N
ALL,1,COU11NN20,11N
ALL,1,COU241000,241
ALL,1,COU241001,241
ALL,1,COU241020,241
ALL,1,COU241021,241
ALL,1,COU241102,241
ALL,1,COU241103,241
ALL,1,COU241122,241
ALL,1,COU241123,241
ALL,1,COU241606,241
ALL,1,COU241626,241
ALL,1,COU241704,241
ALL,1,COU241724,241
ALL,1,COU241N00,241
ALL,1,COU241N20,241
ALL,1,COU3A1000,3A1
ALL,1,COU3A1001,3A1
ALL,1,COU3A1020,3A1
ALL,1,COU3A1021,3A1
ALL,1,COU3A1102,3A1
ALL,1,COU3A1103,3A1
ALL,1,COU3A1122,3A1
ALL,1,COU3A1123,3A1
ALL,1,COU3A1606,3A1
ALL,1,COU3A1626,3A1
ALL,1,COU3A1704,3A1
ALL,1,COU3A1724,3A1
ALL,1,COU3A1N00,3A1
ALL,1,COU3A1N20,3A1
ALL,1,CRABKOOZIE,5KF
ALL,1,CRABPFB,5KF
ALL,1,CRABPH,7KA
ALL,1,CRAYFISHPH,0AC
ALL,1,DAR111010,111
ALL,1,DAR111011,111
ALL,1,DAR111030,111
ALL,1,DAR111031,111
ALL,1,DAR111112,111
ALL,1,DAR111113,111
ALL,1,DAR111132,111
ALL,1,DAR111133,111
ALL,1,DAR111616,111
ALL,1,DAR111636,111
ALL,1,DAR111714,111
ALL,1,DAR111734,111
ALL,1,DAR111N10,111
ALL,1,DAR111N30,111
ALL,1,DAR18J010,18J
ALL,1,DAR18J011,18J
ALL,1,DAR18J030,18J
ALL,1,DAR18J031,18J
ALL,1,DAR18J112,18J
ALL,1,DAR18J113,18J
ALL,1,DAR18J132,18J
ALL,1,DAR18J133,18J
ALL,1,DAR18J616,18J
ALL,1,DAR18J636,18J
ALL,1,DAR18J714,18J
ALL,1,DAR18J734,18J
ALL,1,DAR18JN10,18J
ALL,1,DAR18JN30,18J
ALL,1,DAR220010,220
ALL,1,DAR220011,220
ALL,1,DAR220030,220
ALL,1,DAR220031,220
ALL,1,DAR220112,220
ALL,1,DAR220113,220
ALL,1,DAR220132,220
ALL,1,DAR220133,220
ALL,1,DAR220616,220
ALL,1,DAR220636,220
ALL,1,DAR220714,220
ALL,1,DAR220734,220
ALL,1,DAR220N10,220
ALL,1,DAR220N30,220
ALL,1,DAR5EL010,5EL
ALL,1,DAR5EL011,5EL
ALL,1,DAR5EL030,5EL
ALL,1,DAR5EL031,5EL
ALL,1,DAR5EL112,5EL
ALL,1,DAR5EL113,5EL
ALL,1,DAR5EL132,5EL
ALL,1,DAR5EL133,5EL
ALL,1,DAR5EL616,5EL
ALL,1,DAR5EL636,5EL
ALL,1,DAR5EL714,5EL
ALL,1,DAR5EL734,5EL
ALL,1,DAR5ELN10,5EL
ALL,1,DAR5ELN30,5EL
ALL,1,DORADOLSBPRF,8KA
ALL,1,DORADOLSBPRF,8KA
ALL,1,DORADOLSBPRF,8KA
ALL,1,DORADOLSBPRF,8KA
ALL,1,DORADOLSBPRF,8KA
ALL,1,DORADOLSBPRF,8KA
ALL,1,DORADOPH,9JA
ALL,1,ELD171010,171
ALL,1,ELD171011,171
ALL,1,ELD171030,171
ALL,1,ELD171031,171
ALL,1,ELD171112,171
ALL,1,ELD171113,171
ALL,1,ELD171132,171
ALL,1,ELD171133,171
ALL,1,ELD171616,171
ALL,1,ELD171636,171
ALL,1,ELD171714,171
ALL,1,ELD171734,171
ALL,1,ELD171N10,171
ALL,1,ELD171N30,171
ALL,1,ELD210010,210
ALL,1,ELD210011,210
ALL,1,ELD210030,210
ALL,1,ELD210031,210
ALL,1,ELD210112,210
ALL,1,ELD210113,210
ALL,1,ELD210132,210
ALL,1,ELD210133,210
ALL,1,ELD210616,210
ALL,1,ELD210636,210
ALL,1,ELD210714,210
ALL,1,ELD210734,210
ALL,1,ELD210N10,210
ALL,1,ELD210N30,210
ALL,1,ELD51H010,51H
ALL,1,ELD51H011,51H
ALL,1,ELD51H030,51H
ALL,1,ELD51H031,51H
ALL,1,ELD51H112,51H
ALL,1,ELD51H113,51H
ALL,1,ELD51H132,51H
ALL,1,ELD51H133,51H
ALL,1,ELD51H616,51H
ALL,1,ELD51H636,51H
ALL,1,ELD51H714,51H
ALL,1,ELD51H734,51H
ALL,1,ELD51HN10,51H
ALL,1,ELD51HN30,51H
ALL,1,ELD771010,771
ALL,1,ELD771011,771
ALL,1,ELD771030,771
ALL,1,ELD771031,771
ALL,1,ELD771112,771
ALL,1,ELD771113,771
ALL,1,ELD771132,771
ALL,1,ELD771133,771
ALL,1,ELD771616,771
ALL,1,ELD771636,771
ALL,1,ELD771714,771
ALL,1,ELD771734,771
ALL,1,ELD771N10,771
ALL,1,ELD771N30,771
ALL,1,FRIGATEPH,4FA
ALL,1,GALLOSSP,3KA
ALL,1,GALLOSSP,3KA
ALL,1,GALLOSSP,3KA
ALL,1,GALLOSSP,3KA
ALL,1,GALLOSSP,3KA
ALL,1,GALLOSSP,3KA
ALL,1,GATORPPFB,3DC
ALL,1,GLDNTROUTHAT,8KC
ALL,1,GRE08K010,08K
ALL,1,GRE08K011,08K
ALL,1,GRE08K030,08K
ALL,1,GRE08K031,08K
ALL,1,GRE08K112,08K
ALL,1,GRE08K113,08K
ALL,1,GRE08K132,08K
ALL,1,GRE08K133,08K
ALL,1,GRE08K616,08K
ALL,1,GRE08K636,08K
ALL,1,GRE08K714,08K
ALL,1,GRE08K734,08K
ALL,1,GRE08KN10,08K
ALL,1,GRE08KN30,08K
ALL,1,GRE220010,220
ALL,1,GRE220011,220
ALL,1,GRE220030,220
ALL,1,GRE220031,220
ALL,1,GRE220112,220
ALL,1,GRE220113,220
ALL,1,GRE220132,220
ALL,1,GRE220133,220
ALL,1,GRE220616,220
ALL,1,GRE220636,220
ALL,1,GRE220714,220
ALL,1,GRE220734,220
ALL,1,GRE220N10,220
ALL,1,GRE220N30,220
ALL,1,GRE48L010,48L
ALL,1,GRE48L011,48L
ALL,1,GRE48L030,48L
ALL,1,GRE48L031,48L
ALL,1,GRE48L112,48L
ALL,1,GRE48L113,48L
ALL,1,GRE48L132,48L
ALL,1,GRE48L133,48L
ALL,1,GRE48L616,48L
ALL,1,GRE48L636,48L
ALL,1,GRE48L714,48L
ALL,1,GRE48L734,48L
ALL,1,GRE48LN10,48L
ALL,1,GRE48LN30,48L
ALL,1,HOP111000,111
ALL,1,HOP111001,111
ALL,1,HOP111020,111
ALL,1,HOP111021,111
ALL,1,HOP111102,111
ALL,1,HOP111103,111
ALL,1,HOP111122,111
ALL,1,HOP111123,111
ALL,1,HOP111606,111
ALL,1,HOP111626,111
ALL,1,HOP111704,111
ALL,1,HOP111724,111
ALL,1,HOP111N00,111
ALL,1,HOP111N20,111
ALL,1,HOP210000,210
ALL,1,HOP210001,210
ALL,1,HOP210020,210
ALL,1,HOP210021,210
ALL,1,HOP210102,210
ALL,1,HOP210103,210
ALL,1,HOP210122,210
ALL,1,HOP210123,210
ALL,1,HOP210606,210
ALL,1,HOP210626,210
ALL,1,HOP210704,210
ALL,1,HOP210724,210
ALL,1,HOP210N00,210
ALL,1,HOP210N20,210
ALL,1,HOP4J3000,4J3
ALL,1,HOP4J3001,4J3
ALL,1,HOP4J3020,4J3
ALL,1,HOP4J3021,4J3
ALL,1,HOP4J3102,4J3
ALL,1,HOP4J3103,4J3
ALL,1,HOP4J3122,4J3
ALL,1,HOP4J3123,4J3
ALL,1,HOP4J3606,4J3
ALL,1,HOP4J3626,4J3
ALL,1,HOP4J3704,4J3
ALL,1,HOP4J3724,4J3
ALL,1,HOP4J3N00,4J3
ALL,1,HOP4J3N20,4J3
ALL,1,HOP5G0000,5G0
ALL,1,HOP5G0001,5G0
ALL,1,HOP5G0020,5G0
ALL,1,HOP5G0021,5G0
ALL,1,HOP5G0102,5G0
ALL,1,HOP5G0103,5G0
ALL,1,HOP5G0122,5G0
ALL,1,HOP5G0123,5G0
ALL,1,HOP5G0606,5G0
ALL,1,HOP5G0626,5G0
ALL,1,HOP5G0704,5G0
ALL,1,HOP5G0724,5G0
ALL,1,HOP5G0N00,5G0
ALL,1,HOP5G0N20,5G0
ALL,1,HOP88N000,88N
ALL,1,HOP88N001,88N
ALL,1,HOP88N020,88N
ALL,1,HOP88N021,88N
ALL,1,HOP88N102,88N
ALL,1,HOP88N103,88N
ALL,1,HOP88N122,88N
ALL,1,HOP88N123,88N
ALL,1,HOP88N606,88N
ALL,1,HOP88N626,88N
ALL,1,HOP88N704,88N
ALL,1,HOP88N724,88N
ALL,1,HOP88NN00,88N
ALL,1,HOP88NN20,88N
ALL,1,KEEPCLIPZ,210
ALL,1,KEEPMONO,5DC
ALL,1,KEEPSIL,0KA
ALL,1,KEEPSIL,2KA
ALL,1,KEEPSIL,5KF
ALL,1,KEEPSIL,7KB
ALL,1,KEEPZIP,210
ALL,1,KEEPZIP,OJE
ALL,1,LGMKINGPATCH,0DC
ALL,1,LGMOUTHPATCH,2KD
ALL,1,LGMOUTHPH,4EA
ALL,1,LGMOUTHTFB,3BA
ALL,1,LGMTECHPPFB,0DC
ALL,1,LOGOLS,2KA
ALL,1,LOGOLS,2KA
ALL,1,LOGOLS,2KA
ALL,1,LOGOLS,2KA
ALL,1,LOGOLS,2KA
ALL,1,LOGOLS,2KA
ALL,1,LOGOLS,3KA
ALL,1,LOGOLS,3KA
ALL,1,LOGOLS,3KA
ALL,1,LOGOLS,3KA
ALL,1,LOGOLS,3KA
ALL,1,LOGOLS,3KA
ALL,1,LOGOLS,5KC
ALL,1,LOGOLS,5KC
ALL,1,LOGOLS,5KC
ALL,1,LOGOLS,5KC
ALL,1,LOGOLS,5KC
ALL,1,LOGOLS,5KC
ALL,1,LOGOSS,3KA
ALL,1,LOGOSS,3KA
ALL,1,LOGOSS,3KA
ALL,1,LOGOSS,3KA
ALL,1,LOGOSS,3KA
ALL,1,LOGOSS,3KA
ALL,1,LOGOSS,5KC
ALL,1,LOGOSS,5KC
ALL,1,LOGOSS,5KC
ALL,1,LOGOSS,5KC
ALL,1,LOGOSS,5KC
ALL,1,LOGOSS,5KC
ALL,1,LOGOSS,9KA
ALL,1,LOGOSS,9KA
ALL,1,LOGOSS,9KA
ALL,1,LOGOSS,9KA
ALL,1,LOGOSS,9KA
ALL,1,LOGOSS,9KA
ALL,1,MARLINLSBPRF,5KB
ALL,1,MARLINLSBPRF,5KB
ALL,1,MARLINLSBPRF,5KB
ALL,1,MARLINLSBPRF,5KB
ALL,1,MARLINLSBPRF,5KB
ALL,1,MARLINLSBPRF,5KB
ALL,1,MARLINPATCH,5DC
ALL,1,MARLINTFB,3DA
ALL,1,MUSKTHX,4KC
ALL,1,NAT024010,024
ALL,1,NAT024011,024
ALL,1,NAT024030,024
ALL,1,NAT024031,024
ALL,1,NAT024112,024
ALL,1,NAT024113,024
ALL,1,NAT024132,024
ALL,1,NAT024133,024
ALL,1,NAT024616,024
ALL,1,NAT024636,024
ALL,1,NAT024714,024
ALL,1,NAT024734,024
ALL,1,NAT024N10,024
ALL,1,NAT024N30,024
ALL,1,NAT111010,111
ALL,1,NAT111011,111
ALL,1,NAT111030,111
ALL,1,NAT111031,111
ALL,1,NAT111112,111
ALL,1,NAT111113,111
ALL,1,NAT111132,111
ALL,1,NAT111133,111
ALL,1,NAT111616,111
ALL,1,NAT111636,111
ALL,1,NAT111714,111
ALL,1,NAT111734,111
ALL,1,NAT111N10,111
ALL,1,NAT111N30,111
ALL,1,NAT220010,220
ALL,1,NAT220011,220
ALL,1,NAT220030,220
ALL,1,NAT220031,220
ALL,1,NAT220112,220
ALL,1,NAT220113,220
ALL,1,NAT220132,220
ALL,1,NAT220133,220
ALL,1,NAT220616,220
ALL,1,NAT220636,220
ALL,1,NAT220714,220
ALL,1,NAT220734,220
ALL,1,NAT220N10,220
ALL,1,NAT220N30,220
ALL,1,OZE111010,111
ALL,1,OZE111011,111
ALL,1,OZE111030,111
ALL,1,OZE111031,111
ALL,1,OZE111112,111
ALL,1,OZE111113,111
ALL,1,OZE111132,111
ALL,1,OZE111133,111
ALL,1,OZE111616,111
ALL,1,OZE111636,111
ALL,1,OZE111714,111
ALL,1,OZE111734,111
ALL,1,OZE111N10,111
ALL,1,OZE111N30,111
ALL,1,OZE220010,220
ALL,1,OZE220011,220
ALL,1,OZE220030,220
ALL,1,OZE220031,220
ALL,1,OZE220112,220
ALL,1,OZE220113,220
ALL,1,OZE220132,220
ALL,1,OZE220133,220
ALL,1,OZE220616,220
ALL,1,OZE220636,220
ALL,1,OZE220714,220
ALL,1,OZE220734,220
ALL,1,OZE220N10,220
ALL,1,OZE220N30,220
ALL,1,OZE81B010,81B
ALL,1,OZE81B011,81B
ALL,1,OZE81B030,81B
ALL,1,OZE81B031,81B
ALL,1,OZE81B112,81B
ALL,1,OZE81B113,81B
ALL,1,OZE81B132,81B
ALL,1,OZE81B133,81B
ALL,1,OZE81B616,81B
ALL,1,OZE81B636,81B
ALL,1,OZE81B714,81B
ALL,1,OZE81B734,81B
ALL,1,OZE81BN10,81B
ALL,1,OZE81BN30,81B
ALL,1,PAI11N000,11N
ALL,1,PAI11N001,11N
ALL,1,PAI11N020,11N
ALL,1,PAI11N021,11N
ALL,1,PAI11N102,11N
ALL,1,PAI11N103,11N
ALL,1,PAI11N122,11N
ALL,1,PAI11N123,11N
ALL,1,PAI11N606,11N
ALL,1,PAI11N626,11N
ALL,1,PAI11N704,11N
ALL,1,PAI11N724,11N
ALL,1,PAI11NN00,11N
ALL,1,PAI11NN20,11N
ALL,1,PAI31B000,31B
ALL,1,PAI31B001,31B
ALL,1,PAI31B020,31B
ALL,1,PAI31B021,31B
ALL,1,PAI31B102,31B
ALL,1,PAI31B103,31B
ALL,1,PAI31B122,31B
ALL,1,PAI31B123,31B
ALL,1,PAI31B606,31B
ALL,1,PAI31B626,31B
ALL,1,PAI31B704,31B
ALL,1,PAI31B724,31B
ALL,1,PAI31BN00,31B
ALL,1,PAI31BN20,31B
ALL,1,PAI4GO000,4GO
ALL,1,PAI4GO001,4GO
ALL,1,PAI4GO020,4GO
ALL,1,PAI4GO021,4GO
ALL,1,PAI4GO102,4GO
ALL,1,PAI4GO103,4GO
ALL,1,PAI4GO122,4GO
ALL,1,PAI4GO123,4GO
ALL,1,PAI4GO606,4GO
ALL,1,PAI4GO626,4GO
ALL,1,PAI4GO704,4GO
ALL,1,PAI4GO724,4GO
ALL,1,PAI4GON00,4GO
ALL,1,PAI4GON20,4GO
ALL,1,PAI581000,581
ALL,1,PAI581001,581
ALL,1,PAI581020,581
ALL,1,PAI581021,581
ALL,1,PAI581102,581
ALL,1,PAI581103,581
ALL,1,PAI581122,581
ALL,1,PAI581123,581
ALL,1,PAI581606,581
ALL,1,PAI581626,581
ALL,1,PAI581704,581
ALL,1,PAI581724,581
ALL,1,PAI581N00,581
ALL,1,PAI581N20,581
ALL,1,PAI81B000,81B
ALL,1,PAI81B001,81B
ALL,1,PAI81B020,81B
ALL,1,PAI81B021,81B
ALL,1,PAI81B102,81B
ALL,1,PAI81B103,81B
ALL,1,PAI81B122,81B
ALL,1,PAI81B123,81B
ALL,1,PAI81B606,81B
ALL,1,PAI81B626,81B
ALL,1,PAI81B704,81B
ALL,1,PAI81B724,81B
ALL,1,PAI81BN00,81B
ALL,1,PAI81BN20,81B
ALL,1,PAL121010,121
ALL,1,PAL121011,121
ALL,1,PAL121030,121
ALL,1,PAL121031,121
ALL,1,PAL121112,121
ALL,1,PAL121113,121
ALL,1,PAL121132,121
ALL,1,PAL121133,121
ALL,1,PAL121616,121
ALL,1,PAL121636,121
ALL,1,PAL121714,121
ALL,1,PAL121734,121
ALL,1,PAL121N10,121
ALL,1,PAL121N30,121
ALL,1,PAL220010,220
ALL,1,PAL220011,220
ALL,1,PAL220030,220
ALL,1,PAL220031,220
ALL,1,PAL220112,220
ALL,1,PAL220113,220
ALL,1,PAL220132,220
ALL,1,PAL220133,220
ALL,1,PAL220616,220
ALL,1,PAL220636,220
ALL,1,PAL220714,220
ALL,1,PAL220734,220
ALL,1,PAL220N10,220
ALL,1,PAL220N30,220
DUCKS,1,PAL40C010,40C
DUCKS,1,PAL40C011,40C
DUCKS,1,PAL40C030,40C
DUCKS,1,PAL40C031,40C
DUCKS,1,PAL40C112,40C
DUCKS,1,PAL40C113,40C
DUCKS,1,PAL40C132,40C
DUCKS,1,PAL40C133,40C
DUCKS,1,PAL40C616,40C
DUCKS,1,PAL40C636,40C
DUCKS,1,PAL40C714,40C
DUCKS,1,PAL40C734,40C
DUCKS,1,PAL40CN10,40C
DUCKS,1,PAL40CN30,40C
ALL,1,PAL44J010,44J
ALL,1,PAL44J011,44J
ALL,1,PAL44J030,44J
ALL,1,PAL44J031,44J
ALL,1,PAL44J112,44J
ALL,1,PAL44J113,44J
ALL,1,PAL44J132,44J
ALL,1,PAL44J133,44J
ALL,1,PAL44J616,44J
ALL,1,PAL44J636,44J
ALL,1,PAL44J714,44J
ALL,1,PAL44J734,44J
ALL,1,PAL44JN10,44J
ALL,1,PAL44JN30,44J
ALL,1,PAL451010,451
ALL,1,PAL451011,451
ALL,1,PAL451030,451
ALL,1,PAL451031,451
ALL,1,PAL451112,451
ALL,1,PAL451113,451
ALL,1,PAL451132,451
ALL,1,PAL451133,451
ALL,1,PAL451616,451
ALL,1,PAL451636,451
ALL,1,PAL451714,451
ALL,1,PAL451734,451
ALL,1,PAL451N10,451
ALL,1,PAL451N30,451
DUCKS,1,PALQLD010,QLD
DUCKS,1,PALQLD010K,QLD
DUCKS,1,PALQLD011,QLD
DUCKS,1,PALQLD011K,QLD
DUCKS,1,PALQLD030,QLD
DUCKS,1,PALQLD031,QLD
DUCKS,1,PALQLD112,QLD
DUCKS,1,PALQLD112K,QLD
DUCKS,1,PALQLD113,QLD
DUCKS,1,PALQLD113K,QLD
DUCKS,1,PALQLD132,QLD
DUCKS,1,PALQLD133,QLD
DUCKS,1,PALQLD616,QLD
DUCKS,1,PALQLD616K,QLD
DUCKS,1,PALQLD636,QLD
DUCKS,1,PALQLD714,QLD
DUCKS,1,PALQLD714K,QLD
DUCKS,1,PALQLD734,QLD
DUCKS,1,PALQLDN10,QLD
DUCKS,1,PALQLDN10K,QLD
DUCKS,1,PALQLDN30,QLD
ALL,1,PAR38N000,38N
ALL,1,PAR38N001,38N
ALL,1,PAR38N020,38N
ALL,1,PAR38N021,38N
ALL,1,PAR38N102,38N
ALL,1,PAR38N103,38N
ALL,1,PAR38N122,38N
ALL,1,PAR38N123,38N
ALL,1,PAR38N606,38N
ALL,1,PAR38N626,38N
ALL,1,PAR38N704,38N
ALL,1,PAR38N724,38N
ALL,1,PAR38NN00,38N
ALL,1,PAR38NN20,38N
ALL,1,PAR5BJ000,5BJ
ALL,1,PAR5BJ001,5BJ
ALL,1,PAR5BJ020,5BJ
ALL,1,PAR5BJ021,5BJ
ALL,1,PAR5BJ102,5BJ
ALL,1,PAR5BJ103,5BJ
ALL,1,PAR5BJ122,5BJ
ALL,1,PAR5BJ123,5BJ
ALL,1,PAR5BJ606,5BJ
ALL,1,PAR5BJ626,5BJ
ALL,1,PAR5BJ704,5BJ
ALL,1,PAR5BJ724,5BJ
ALL,1,PAR5BJN00,5BJ
ALL,1,PAR5BJN20,5BJ
ALL,1,PAR640000,640
ALL,1,PAR640001,640
ALL,1,PAR640020,640
ALL,1,PAR640021,640
ALL,1,PAR640102,640
ALL,1,PAR640103,640
ALL,1,PAR640122,640
ALL,1,PAR640123,640
ALL,1,PAR640606,640
ALL,1,PAR640626,640
ALL,1,PAR640704,640
ALL,1,PAR640724,640
ALL,1,PAR640N00,640
ALL,1,PAR640N20,640
ALL,1,PAR771000,771
ALL,1,PAR771001,771
ALL,1,PAR771020,771
ALL,1,PAR771021,771
ALL,1,PAR771102,771
ALL,1,PAR771103,771
ALL,1,PAR771122,771
ALL,1,PAR771123,771
ALL,1,PAR771606,771
ALL,1,PAR771626,771
ALL,1,PAR771704,771
ALL,1,PAR771724,771
ALL,1,PAR771N00,771
ALL,1,PAR771N20,771
ALL,1,PAR871000,871
ALL,1,PAR871001,871
ALL,1,PAR871020,871
ALL,1,PAR871021,871
ALL,1,PAR871102,871
ALL,1,PAR871103,871
ALL,1,PAR871122,871
ALL,1,PAR871123,871
ALL,1,PAR871606,871
ALL,1,PAR871626,871
ALL,1,PAR871704,871
ALL,1,PAR871724,871
ALL,1,PAR871N00,871
ALL,1,PAR871N20,871
ALL,1,PELICANPH,3KA
ALL,1,PERMITPATCH,5CA
ALL,1,PERMITPH,6KA
ALL,1,PIE121010,121
ALL,1,PIE121011,121
ALL,1,PIE121030,121
ALL,1,PIE121031,121
ALL,1,PIE121112,121
ALL,1,PIE121113,121
ALL,1,PIE121132,121
ALL,1,PIE121133,121
ALL,1,PIE121616,121
ALL,1,PIE121636,121
ALL,1,PIE121714,121
ALL,1,PIE121734,121
ALL,1,PIE121N10,121
ALL,1,PIE121N30,121
ALL,1,PIE220010,220
ALL,1,PIE220011,220
ALL,1,PIE220030,220
ALL,1,PIE220031,220
ALL,1,PIE220112,220
ALL,1,PIE220113,220
ALL,1,PIE220132,220
ALL,1,PIE220133,220
ALL,1,PIE220616,220
ALL,1,PIE220636,220
ALL,1,PIE220714,220
ALL,1,PIE220734,220
ALL,1,PIE220N10,220
ALL,1,PIE220N30,220
ALL,1,PIE611010,611
ALL,1,PIE611011,611
ALL,1,PIE611030,611
ALL,1,PIE611031,611
ALL,1,PIE611112,611
ALL,1,PIE611113,611
ALL,1,PIE611132,611
ALL,1,PIE611133,611
ALL,1,PIE611616,611
ALL,1,PIE611636,611
ALL,1,PIE611714,611
ALL,1,PIE611734,611
ALL,1,PIE611N10,611
ALL,1,PIE611N30,611
ALL,1,PLH142000,142
ALL,1,PLH142001,142
ALL,1,PLH142020,142
ALL,1,PLH142021,142
ALL,1,PLH142102,142
ALL,1,PLH142103,142
ALL,1,PLH142122,142
ALL,1,PLH142123,142
ALL,1,PLH142606,142
ALL,1,PLH142626,142
ALL,1,PLH142704,142
ALL,1,PLH142724,142
ALL,1,PLH142N00,142
ALL,1,PLH142N20,142
ALL,1,PLH221000,221
ALL,1,PLH221001,221
ALL,1,PLH221020,221
ALL,1,PLH221021,221
ALL,1,PLH221102,221
ALL,1,PLH221103,221
ALL,1,PLH221122,221
ALL,1,PLH221123,221
ALL,1,PLH221606,221
ALL,1,PLH221626,221
ALL,1,PLH221704,221
ALL,1,PLH221724,221
ALL,1,PLH221N00,221
ALL,1,PLH221N20,221
ALL,1,PLH411000,411
ALL,1,PLH411001,411
ALL,1,PLH411020,411
ALL,1,PLH411021,411
ALL,1,PLH411102,411
ALL,1,PLH411103,411
ALL,1,PLH411122,411
ALL,1,PLH411123,411
ALL,1,PLH411606,411
ALL,1,PLH411626,411
ALL,1,PLH411704,411
ALL,1,PLH411724,411
ALL,1,PLH411N00,411
ALL,1,PLH411N20,411
ALL,1,POPPERWM,1BA
ALL,1,PROJBOATWM,5KF
ALL,1,RAINBOWTHX,1BA
ALL,1,RDTAILWM,4KC
ALL,1,REDFISHPH,4FA
ALL,1,RIG111010,111
ALL,1,RIG111011,111
ALL,1,RIG111030,111
ALL,1,RIG111031,111
ALL,1,RIG111112,111
ALL,1,RIG111113,111
ALL,1,RIG111132,111
ALL,1,RIG111133,111
ALL,1,RIG111616,111
ALL,1,RIG111636,111
ALL,1,RIG111714,111
ALL,1,RIG111734,111
ALL,1,RIG111N10,111
ALL,1,RIG111N30,111
ALL,1,RIG220010,220
ALL,1,RIG220011,220
ALL,1,RIG220030,220
ALL,1,RIG220031,220
ALL,1,RIG220112,220
ALL,1,RIG220113,220
ALL,1,RIG220132,220
ALL,1,RIG220133,220
ALL,1,RIG220616,220
ALL,1,RIG220636,220
ALL,1,RIG220714,220
ALL,1,RIG220734,220
ALL,1,RIG220N10,220
ALL,1,RIG220N30,220
ALL,1,RIG2B3010,2B3
ALL,1,RIG2B3011,2B3
ALL,1,RIG2B3030,2B3
ALL,1,RIG2B3031,2B3
ALL,1,RIG2B3112,2B3
ALL,1,RIG2B3113,2B3
ALL,1,RIG2B3132,2B3
ALL,1,RIG2B3133,2B3
ALL,1,RIG2B3616,2B3
ALL,1,RIG2B3636,2B3
ALL,1,RIG2B3714,2B3
ALL,1,RIG2B3734,2B3
ALL,1,RIG2B3N10,2B3
ALL,1,RIG2B3N30,2B3
ALL,1,RIG320010,320
ALL,1,RIG320011,320
ALL,1,RIG320030,320
ALL,1,RIG320031,320
ALL,1,RIG320112,320
ALL,1,RIG320113,320
ALL,1,RIG320132,320
ALL,1,RIG320133,320
ALL,1,RIG320616,320
ALL,1,RIG320636,320
ALL,1,RIG320714,320
ALL,1,RIG320734,320
ALL,1,RIG320N10,320
ALL,1,RIG320N30,320
ALL,1,RIG5EL010,5EL
ALL,1,RIG5EL011,5EL
ALL,1,RIG5EL030,5EL
ALL,1,RIG5EL031,5EL
ALL,1,RIG5EL112,5EL
ALL,1,RIG5EL113,5EL
ALL,1,RIG5EL132,5EL
ALL,1,RIG5EL133,5EL
ALL,1,RIG5EL616,5EL
ALL,1,RIG5EL636,5EL
ALL,1,RIG5EL714,5EL
ALL,1,RIG5EL734,5EL
ALL,1,RIG5ELN10,5EL
ALL,1,RIG5ELN30,5EL
ALL,1,ROC121010,121
ALL,1,ROC121011,121
ALL,1,ROC121030,121
ALL,1,ROC121031,121
ALL,1,ROC121112,121
ALL,1,ROC121113,121
ALL,1,ROC121132,121
ALL,1,ROC121133,121
ALL,1,ROC121616,121
ALL,1,ROC121636,121
ALL,1,ROC121714,121
ALL,1,ROC121734,121
ALL,1,ROC121N10,121
ALL,1,ROC121N30,121
ALL,1,ROC220010,220
ALL,1,ROC220011,220
ALL,1,ROC220030,220
ALL,1,ROC220031,220
ALL,1,ROC220112,220
ALL,1,ROC220113,220
ALL,1,ROC220132,220
ALL,1,ROC220133,220
ALL,1,ROC220616,220
ALL,1,ROC220636,220
ALL,1,ROC220714,220
ALL,1,ROC220734,220
ALL,1,ROC220N10,220
ALL,1,ROC220N30,220
DUCKS,1,ROC40C010,40C
DUCKS,1,ROC40C011,40C
DUCKS,1,ROC40C030,40C
DUCKS,1,ROC40C031,40C
DUCKS,1,ROC40C112,40C
DUCKS,1,ROC40C113,40C
DUCKS,1,ROC40C132,40C
DUCKS,1,ROC40C133,40C
DUCKS,1,ROC40C616,40C
DUCKS,1,ROC40C636,40C
DUCKS,1,ROC40C714,40C
DUCKS,1,ROC40C734,40C
DUCKS,1,ROC40CN10,40C
DUCKS,1,ROC40CN30,40C
ALL,1,ROC481010,481
ALL,1,ROC481011,481
ALL,1,ROC481030,481
ALL,1,ROC481031,481
ALL,1,ROC481112,481
ALL,1,ROC481113,481
ALL,1,ROC481132,481
ALL,1,ROC481133,481
ALL,1,ROC481616,481
ALL,1,ROC481636,481
ALL,1,ROC481714,481
ALL,1,ROC481734,481
ALL,1,ROC481N10,481
ALL,1,ROC481N30,481
ALL,1,ROC55K010,55K
ALL,1,ROC55K011,55K
ALL,1,ROC55K030,55K
ALL,1,ROC55K031,55K
ALL,1,ROC55K112,55K
ALL,1,ROC55K113,55K
ALL,1,ROC55K132,55K
ALL,1,ROC55K133,55K
ALL,1,ROC55K616,55K
ALL,1,ROC55K636,55K
ALL,1,ROC55K714,55K
ALL,1,ROC55K734,55K
ALL,1,ROC55KN10,55K
ALL,1,ROC55KN30,55K
ALL,1,ROOSTFISHPH,9KB
ALL,1,ROOSTPH,4AA
ALL,1,SAILFISHPH,3KA
ALL,1,SAILPATCH,4CC
ALL,1,SANDFLEACFB,8IA
ALL,1,SCORPFB,1BA
ALL,1,SCORPIONWM,1BB
ALL,1,SHRIMPFB,9JA
ALL,1,SIG02N010,02N
ALL,1,SIG02N011,02N
ALL,1,SIG02N030,02N
ALL,1,SIG02N031,02N
ALL,1,SIG02N112,02N
ALL,1,SIG02N113,02N
ALL,1,SIG02N132,02N
ALL,1,SIG02N133,02N
ALL,1,SIG02N616,02N
ALL,1,SIG02N636,02N
ALL,1,SIG02N714,02N
ALL,1,SIG02N734,02N
ALL,1,SIG02NN10,02N
ALL,1,SIG02NN30,02N
ALL,1,SIG141010,141
ALL,1,SIG141011,141
ALL,1,SIG141030,141
ALL,1,SIG141031,141
ALL,1,SIG141112,141
ALL,1,SIG141113,141
ALL,1,SIG141132,141
ALL,1,SIG141133,141
ALL,1,SIG141616,141
ALL,1,SIG141636,141
ALL,1,SIG141714,141
ALL,1,SIG141734,141
ALL,1,SIG141N10,141
ALL,1,SIG141N30,141
ALL,1,SIG210010,210
ALL,1,SIG210011,210
ALL,1,SIG210030,210
ALL,1,SIG210031,210
ALL,1,SIG210112,210
ALL,1,SIG210113,210
ALL,1,SIG210132,210
ALL,1,SIG210133,210
ALL,1,SIG210616,210
ALL,1,SIG210636,210
ALL,1,SIG210714,210
ALL,1,SIG210734,210
ALL,1,SIG210N10,210
ALL,1,SIG210N30,210
ALL,1,SIG3A1010,3A1
ALL,1,SIG3A1011,3A1
ALL,1,SIG3A1030,3A1
ALL,1,SIG3A1031,3A1
ALL,1,SIG3A1112,3A1
ALL,1,SIG3A1113,3A1
ALL,1,SIG3A1132,3A1
ALL,1,SIG3A1133,3A1
ALL,1,SIG3A1616,3A1
ALL,1,SIG3A1636,3A1
ALL,1,SIG3A1714,3A1
ALL,1,SIG3A1734,3A1
ALL,1,SIG3A1N10,3A1
ALL,1,SIG3A1N30,3A1
ALL,1,SIG570010,570
ALL,1,SIG570011,570
ALL,1,SIG570030,570
ALL,1,SIG570031,570
ALL,1,SIG570112,570
ALL,1,SIG570113,570
ALL,1,SIG570132,570
ALL,1,SIG570133,570
ALL,1,SIG570616,570
ALL,1,SIG570636,570
ALL,1,SIG570714,570
ALL,1,SIG570734,570
ALL,1,SIG570N10,570
ALL,1,SIG570N30,570
ALL,1,SIG5EL010,5EL
ALL,1,SIG5EL011,5EL
ALL,1,SIG5EL030,5EL
ALL,1,SIG5EL031,5EL
ALL,1,SIG5EL112,5EL
ALL,1,SIG5EL113,5EL
ALL,1,SIG5EL132,5EL
ALL,1,SIG5EL133,5EL
ALL,1,SIG5EL616,5EL
ALL,1,SIG5EL636,5EL
ALL,1,SIG5EL714,5EL
ALL,1,SIG5EL734,5EL
ALL,1,SIG5ELN10,5EL
ALL,1,SIG5ELN30,5EL
DUCKS,1,SIGQLD010,QLD
DUCKS,1,SIGQLD010K,QLD
DUCKS,1,SIGQLD011,QLD
DUCKS,1,SIGQLD011K,QLD
DUCKS,1,SIGQLD030,QLD
DUCKS,1,SIGQLD031,QLD
DUCKS,1,SIGQLD112,QLD
DUCKS,1,SIGQLD112K,QLD
DUCKS,1,SIGQLD113,QLD
DUCKS,1,SIGQLD113K,QLD
DUCKS,1,SIGQLD132,QLD
DUCKS,1,SIGQLD133,QLD
DUCKS,1,SIGQLD616,QLD
DUCKS,1,SIGQLD616K,QLD
DUCKS,1,SIGQLD636,QLD
DUCKS,1,SIGQLD714,QLD
DUCKS,1,SIGQLD714K,QLD
DUCKS,1,SIGQLD734,QLD
DUCKS,1,SIGQLDN10,QLD
DUCKS,1,SIGQLDN10K,QLD
DUCKS,1,SIGQLDN30,QLD
ALL,1,SNAPTHX,5AA
ALL,1,SNI220000,220
ALL,1,SNI220001,220
ALL,1,SNI220020,220
ALL,1,SNI220021,220
ALL,1,SNI220102,220
ALL,1,SNI220103,220
ALL,1,SNI220122,220
ALL,1,SNI220123,220
ALL,1,SNI220606,220
ALL,1,SNI220626,220
ALL,1,SNI220704,220
ALL,1,SNI220724,220
ALL,1,SNI220N00,220
ALL,1,SNI220N20,220
ALL,1,SNI540000,540
ALL,1,SNI540001,540
ALL,1,SNI540020,540
ALL,1,SNI540021,540
ALL,1,SNI540102,540
ALL,1,SNI540103,540
ALL,1,SNI540122,540
ALL,1,SNI540123,540
ALL,1,SNI540606,540
ALL,1,SNI540626,540
ALL,1,SNI540704,540
ALL,1,SNI540724,540
ALL,1,SNI540N00,540
ALL,1,SNI540N20,540
ALL,1,SNIB10000,B10
ALL,1,SNIB10001,B10
ALL,1,SNIB10020,B10
ALL,1,SNIB10021,B10
ALL,1,SNIB10102,B10
ALL,1,SNIB10103,B10
ALL,1,SNIB10122,B10
ALL,1,SNIB10123,B10
ALL,1,SNIB10606,B10
ALL,1,SNIB10626,B10
ALL,1,SNIB10704,B10
ALL,1,SNIB10724,B10
ALL,1,SNIB10N00,B10
ALL,1,SNIB10N20,B10
ALL,1,SNOOKPATCH,0CC
ALL,1,SOL42N000,42N
ALL,1,SOL42N001,42N
ALL,1,SOL42N020,42N
ALL,1,SOL42N021,42N
ALL,1,SOL42N102,42N
ALL,1,SOL42N103,42N
ALL,1,SOL42N122,42N
ALL,1,SOL42N123,42N
ALL,1,SOL42N606,42N
ALL,1,SOL42N626,42N
ALL,1,SOL42N704,42N
ALL,1,SOL42N724,42N
ALL,1,SOL42NN00,42N
ALL,1,SOL42NN20,42N
ALL,1,SOLA05000,A05
ALL,1,SOLA05001,A05
ALL,1,SOLA05020,A05
ALL,1,SOLA05021,A05
ALL,1,SOLA05102,A05
ALL,1,SOLA05103,A05
ALL,1,SOLA05122,A05
ALL,1,SOLA05123,A05
ALL,1,SOLA05606,A05
ALL,1,SOLA05626,A05
ALL,1,SOLA05704,A05
ALL,1,SOLA05724,A05
ALL,1,SOLA05N00,A05
ALL,1,SOLA05N20,A05
ALL,1,SOLB10000,B10
ALL,1,SOLB10001,B10
ALL,1,SOLB10020,B10
ALL,1,SOLB10021,B10
ALL,1,SOLB10102,B10
ALL,1,SOLB10103,B10
ALL,1,SOLB10122,B10
ALL,1,SOLB10123,B10
ALL,1,SOLB10606,B10
ALL,1,SOLB10626,B10
ALL,1,SOLB10704,B10
ALL,1,SOLB10724,B10
ALL,1,SOLB10N00,B10
ALL,1,SOLB10N20,B10
ALL,1,SOLR30000,R30
ALL,1,SOLR30001,R30
ALL,1,SOLR30020,R30
ALL,1,SOLR30021,R30
ALL,1,SOLR30102,R30
ALL,1,SOLR30103,R30
ALL,1,SOLR30122,R30
ALL,1,SOLR30123,R30
ALL,1,SOLR30606,R30
ALL,1,SOLR30626,R30
ALL,1,SOLR30704,R30
ALL,1,SOLR30724,R30
ALL,1,SOLR30N00,R30
ALL,1,SOLR30N20,R30
ALL,1,SQUIDPH,4EA
ALL,1,STEELHEADTFB,4EA
ALL,1,STI051010,051
ALL,1,STI051011,051
ALL,1,STI051030,051
ALL,1,STI051031,051
ALL,1,STI051112,051
ALL,1,STI051113,051
ALL,1,STI051132,051
ALL,1,STI051133,051
ALL,1,STI051616,051
ALL,1,STI051636,051
ALL,1,STI051714,051
ALL,1,STI051734,051
ALL,1,STI051N10,051
ALL,1,STI051N30,051
ALL,1,STI141010,141
ALL,1,STI141011,141
ALL,1,STI141030,141
ALL,1,STI141031,141
ALL,1,STI141112,141
ALL,1,STI141113,141
ALL,1,STI141132,141
ALL,1,STI141133,141
ALL,1,STI141616,141
ALL,1,STI141636,141
ALL,1,STI141714,141
ALL,1,STI141734,141
ALL,1,STI141N10,141
ALL,1,STI141N30,141
ALL,1,STI220010,220
ALL,1,STI220011,220
ALL,1,STI220030,220
ALL,1,STI220031,220
ALL,1,STI220112,220
ALL,1,STI220113,220
ALL,1,STI220132,220
ALL,1,STI220133,220
ALL,1,STI220616,220
ALL,1,STI220636,220
ALL,1,STI220714,220
ALL,1,STI220734,220
ALL,1,STI220N10,220
ALL,1,STI220N30,220
ALL,1,STI424010,424
ALL,1,STI424011,424
ALL,1,STI424030,424
ALL,1,STI424031,424
ALL,1,STI424112,424
ALL,1,STI424113,424
ALL,1,STI424132,424
ALL,1,STI424133,424
ALL,1,STI424616,424
ALL,1,STI424636,424
ALL,1,STI424714,424
ALL,1,STI424734,424
ALL,1,STI424N10,424
ALL,1,STI424N30,424
DUCKS,1,STIQLD010,QLD
DUCKS,1,STIQLD010K,QLD
DUCKS,1,STIQLD011,QLD
DUCKS,1,STIQLD011K,QLD
DUCKS,1,STIQLD030,QLD
DUCKS,1,STIQLD031,QLD
DUCKS,1,STIQLD112,QLD
DUCKS,1,STIQLD112K,QLD
DUCKS,1,STIQLD113,QLD
DUCKS,1,STIQLD113K,QLD
DUCKS,1,STIQLD132,QLD
DUCKS,1,STIQLD133,QLD
DUCKS,1,STIQLD616,QLD
DUCKS,1,STIQLD616K,QLD
DUCKS,1,STIQLD636,QLD
DUCKS,1,STIQLD714,QLD
DUCKS,1,STIQLD714K,QLD
DUCKS,1,STIQLD734,QLD
DUCKS,1,STIQLDN10,QLD
DUCKS,1,STIQLDN10K,QLD
DUCKS,1,STIQLDN30,QLD
ALL,1,STONEFLYTWH,4EB
ALL,1,STRIPERTFB,3DC
ALL,1,TARPONCFB,4EA
ALL,1,TARPONLSBPRF,4EA
ALL,1,TARPONLSBPRF,4EA
ALL,1,TARPONLSBPRF,4EA
ALL,1,TARPONLSBPRF,4EA
ALL,1,TARPONLSBPRF,4EA
ALL,1,TARPONLSBPRF,4EA
ALL,1,TARPONPATCH,0DC
ALL,1,TARPONPPFB,6KA
ALL,1,TIGERPPFB,1BA
ALL,1,TIO310000,310
ALL,1,TIO310001,310
ALL,1,TIO310020,310
ALL,1,TIO310021,310
ALL,1,TIO310102,310
ALL,1,TIO310103,310
ALL,1,TIO310122,310
ALL,1,TIO310123,310
ALL,1,TIO310606,310
ALL,1,TIO310626,310
ALL,1,TIO310704,310
ALL,1,TIO310724,310
ALL,1,TIO310N00,310
ALL,1,TIO310N20,310
ALL,1,TIO72N000,72N
ALL,1,TIO72N001,72N
ALL,1,TIO72N020,72N
ALL,1,TIO72N021,72N
ALL,1,TIO72N102,72N
ALL,1,TIO72N103,72N
ALL,1,TIO72N122,72N
ALL,1,TIO72N123,72N
ALL,1,TIO72N606,72N
ALL,1,TIO72N626,72N
ALL,1,TIO72N704,72N
ALL,1,TIO72N724,72N
ALL,1,TIO72NN00,72N
ALL,1,TIO72NN20,72N
ALL,1,TIOA70000,A70
ALL,1,TIOA70001,A70
ALL,1,TIOA70020,A70
ALL,1,TIOA70021,A70
ALL,1,TIOA70102,A70
ALL,1,TIOA70103,A70
ALL,1,TIOA70122,A70
ALL,1,TIOA70123,A70
ALL,1,TIOA70606,A70
ALL,1,TIOA70626,A70
ALL,1,TIOA70704,A70
ALL,1,TIOA70724,A70
ALL,1,TIOA70N00,A70
ALL,1,TIOA70N20,A70
ALL,1,TOA081010,081
ALL,1,TOA081011,081
ALL,1,TOA081030,081
ALL,1,TOA081031,081
ALL,1,TOA081112,081
ALL,1,TOA081113,081
ALL,1,TOA081132,081
ALL,1,TOA081133,081
ALL,1,TOA081616,081
ALL,1,TOA081636,081
ALL,1,TOA081714,081
ALL,1,TOA081734,081
ALL,1,TOA081N10,081
ALL,1,TOA081N30,081
ALL,1,TOA111010,111
ALL,1,TOA111011,111
ALL,1,TOA111030,111
ALL,1,TOA111031,111
ALL,1,TOA111112,111
ALL,1,TOA111113,111
ALL,1,TOA111132,111
ALL,1,TOA111133,111
ALL,1,TOA111616,111
ALL,1,TOA111636,111
ALL,1,TOA111714,111
ALL,1,TOA111734,111
ALL,1,TOA111N10,111
ALL,1,TOA111N30,111
ALL,1,TOA220010,220
ALL,1,TOA220011,220
ALL,1,TOA220030,220
ALL,1,TOA220031,220
ALL,1,TOA220112,220
ALL,1,TOA220113,220
ALL,1,TOA220132,220
ALL,1,TOA220133,220
ALL,1,TOA220616,220
ALL,1,TOA220636,220
ALL,1,TOA220714,220
ALL,1,TOA220734,220
ALL,1,TOA220N10,220
ALL,1,TOA220N30,220
ALL,1,TOA58L010,58L
ALL,1,TOA58L011,58L
ALL,1,TOA58L030,58L
ALL,1,TOA58L031,58L
ALL,1,TOA58L112,58L
ALL,1,TOA58L113,58L
ALL,1,TOA58L132,58L
ALL,1,TOA58L133,58L
ALL,1,TOA58L616,58L
ALL,1,TOA58L636,58L
ALL,1,TOA58L714,58L
ALL,1,TOA58L734,58L
ALL,1,TOA58LN10,58L
ALL,1,TOA58LN30,58L
ALL,1,TUNATFB,5KF
ALL,1,TWE02N000,02N
ALL,1,TWE02N001,02N
ALL,1,TWE02N020,02N
ALL,1,TWE02N021,02N
ALL,1,TWE02N102,02N
ALL,1,TWE02N103,02N
ALL,1,TWE02N122,02N
ALL,1,TWE02N123,02N
ALL,1,TWE02N606,02N
ALL,1,TWE02N626,02N
ALL,1,TWE02N704,02N
ALL,1,TWE02N724,02N
ALL,1,TWE02NN00,02N
ALL,1,TWE02NN20,02N
ALL,1,TWE115000,115
ALL,1,TWE115001,115
ALL,1,TWE115020,115
ALL,1,TWE115021,115
ALL,1,TWE115102,115
ALL,1,TWE115103,115
ALL,1,TWE115122,115
ALL,1,TWE115123,115
ALL,1,TWE115606,115
ALL,1,TWE115626,115
ALL,1,TWE115704,115
ALL,1,TWE115724,115
ALL,1,TWE115N00,115
ALL,1,TWE115N20,115
ALL,1,TWE210000,210
ALL,1,TWE210001,210
ALL,1,TWE210020,210
ALL,1,TWE210021,210
ALL,1,TWE210102,210
ALL,1,TWE210103,210
ALL,1,TWE210122,210
ALL,1,TWE210123,210
ALL,1,TWE210606,210
ALL,1,TWE210626,210
ALL,1,TWE210704,210
ALL,1,TWE210724,210
ALL,1,TWE210N00,210
ALL,1,TWE210N20,210
ALL,1,TWE57O000,57O
ALL,1,TWE57O001,57O
ALL,1,TWE57O020,57O
ALL,1,TWE57O021,57O
ALL,1,TWE57O102,57O
ALL,1,TWE57O103,57O
ALL,1,TWE57O122,57O
ALL,1,TWE57O123,57O
ALL,1,TWE57O606,57O
ALL,1,TWE57O626,57O
ALL,1,TWE57O704,57O
ALL,1,TWE57O724,57O
ALL,1,TWE57ON00,57O
ALL,1,TWE57ON20,57O
ALL,1,TWE5G0000,5G0
ALL,1,TWE5G0001,5G0
ALL,1,TWE5G0020,5G0
ALL,1,TWE5G0021,5G0
ALL,1,TWE5G0102,5G0
ALL,1,TWE5G0103,5G0
ALL,1,TWE5G0122,5G0
ALL,1,TWE5G0123,5G0
ALL,1,TWE5G0606,5G0
ALL,1,TWE5G0626,5G0
ALL,1,TWE5G0704,5G0
ALL,1,TWE5G0724,5G0
ALL,1,TWE5G0N00,5G0
ALL,1,TWE5G0N20,5G0
ALL,1,VEG121010,121
ALL,1,VEG121011,121
ALL,1,VEG121030,121
ALL,1,VEG121031,121
ALL,1,VEG121112,121
ALL,1,VEG121113,121
ALL,1,VEG121132,121
ALL,1,VEG121133,121
ALL,1,VEG121616,121
ALL,1,VEG121636,121
ALL,1,VEG121714,121
ALL,1,VEG121734,121
ALL,1,VEG121N10,121
ALL,1,VEG121N30,121
ALL,1,VEG220010,220
ALL,1,VEG220011,220
ALL,1,VEG220030,220
ALL,1,VEG220031,220
ALL,1,VEG220112,220
ALL,1,VEG220113,220
ALL,1,VEG220132,220
ALL,1,VEG220133,220
ALL,1,VEG220616,220
ALL,1,VEG220636,220
ALL,1,VEG220714,220
ALL,1,VEG220734,220
ALL,1,VEG220N10,220
ALL,1,VEG220N30,220
ALL,1,VEG2D3010,2D3
ALL,1,VEG2D3011,2D3
ALL,1,VEG2D3030,2D3
ALL,1,VEG2D3031,2D3
ALL,1,VEG2D3112,2D3
ALL,1,VEG2D3113,2D3
ALL,1,VEG2D3132,2D3
ALL,1,VEG2D3133,2D3
ALL,1,VEG2D3616,2D3
ALL,1,VEG2D3636,2D3
ALL,1,VEG2D3714,2D3
ALL,1,VEG2D3734,2D3
ALL,1,VEG2D3N10,2D3
ALL,1,VEG2D3N30,2D3
DUCKS,1,VEG40C010,40C
DUCKS,1,VEG40C011,40C
DUCKS,1,VEG40C030,40C
DUCKS,1,VEG40C031,40C
DUCKS,1,VEG40C112,40C
DUCKS,1,VEG40C113,40C
DUCKS,1,VEG40C132,40C
DUCKS,1,VEG40C133,40C
DUCKS,1,VEG40C616,40C
DUCKS,1,VEG40C636,40C
DUCKS,1,VEG40C714,40C
DUCKS,1,VEG40C734,40C
DUCKS,1,VEG40CN10,40C
DUCKS,1,VEG40CN30,40C
ALL,1,VEG451010,451
ALL,1,VEG451011,451
ALL,1,VEG451030,451
ALL,1,VEG451031,451
ALL,1,VEG451112,451
ALL,1,VEG451113,451
ALL,1,VEG451132,451
ALL,1,VEG451133,451
ALL,1,VEG451616,451
ALL,1,VEG451636,451
ALL,1,VEG451714,451
ALL,1,VEG451734,451
ALL,1,VEG451N10,451
ALL,1,VEG451N30,451
ALL,1,VEG481010,481
ALL,1,VEG481011,481
ALL,1,VEG481030,481
ALL,1,VEG481031,481
ALL,1,VEG481112,481
ALL,1,VEG481113,481
ALL,1,VEG481132,481
ALL,1,VEG481133,481
ALL,1,VEG481616,481
ALL,1,VEG481636,481
ALL,1,VEG481714,481
ALL,1,VEG481734,481
ALL,1,VEG481N10,481
ALL,1,VEG481N30,481
DUCKS,1,VEGQLD010,QLD
DUCKS,1,VEGQLD010K,QLD
DUCKS,1,VEGQLD011,QLD
DUCKS,1,VEGQLD011K,QLD
DUCKS,1,VEGQLD030,QLD
DUCKS,1,VEGQLD031,QLD
DUCKS,1,VEGQLD112,QLD
DUCKS,1,VEGQLD112K,QLD
DUCKS,1,VEGQLD113,QLD
DUCKS,1,VEGQLD113K,QLD
DUCKS,1,VEGQLD132,QLD
DUCKS,1,VEGQLD133,QLD
DUCKS,1,VEGQLD616,QLD
DUCKS,1,VEGQLD616K,QLD
DUCKS,1,VEGQLD636,QLD
DUCKS,1,VEGQLD714,QLD
DUCKS,1,VEGQLD714K,QLD
DUCKS,1,VEGQLD734,QLD
DUCKS,1,VEGQLDN10,QLD
DUCKS,1,VEGQLDN10K,QLD
DUCKS,1,VEGQLDN30,QLD
ALL,1,WRDMRKTH,5DC
ALL,1,YELLOWFINCFB,6KA
ALL,1,ZAP17K010,17K
ALL,1,ZAP17K011,17K
ALL,1,ZAP17K030,17K
ALL,1,ZAP17K031,17K
ALL,1,ZAP17K112,17K
ALL,1,ZAP17K113,17K
ALL,1,ZAP17K132,17K
ALL,1,ZAP17K133,17K
ALL,1,ZAP17K616,17K
ALL,1,ZAP17K636,17K
ALL,1,ZAP17K714,17K
ALL,1,ZAP17K734,17K
ALL,1,ZAP17KN10,17K
ALL,1,ZAP17KN30,17K
ALL,1,ZAP220010,220
ALL,1,ZAP220011,220
ALL,1,ZAP220030,220
ALL,1,ZAP220031,220
ALL,1,ZAP220112,220
ALL,1,ZAP220113,220
ALL,1,ZAP220132,220
ALL,1,ZAP220133,220
ALL,1,ZAP220616,220
ALL,1,ZAP220636,220
ALL,1,ZAP220714,220
ALL,1,ZAP220734,220
ALL,1,ZAP220N10,220
ALL,1,ZAP220N30,220
ALL,1,ZAP48L010,48L
ALL,1,ZAP48L011,48L
ALL,1,ZAP48L030,48L
ALL,1,ZAP48L031,48L
ALL,1,ZAP48L112,48L
ALL,1,ZAP48L113,48L
ALL,1,ZAP48L132,48L
ALL,1,ZAP48L133,48L
ALL,1,ZAP48L616,48L
ALL,1,ZAP48L636,48L
ALL,1,ZAP48L714,48L
ALL,1,ZAP48L734,48L
ALL,1,ZAP48LN10,48L
ALL,1,ZAP48LN30,48L
ALL,1,ZAP521010,521
ALL,1,ZAP521011,521
ALL,1,ZAP521030,521
ALL,1,ZAP521031,521
ALL,1,ZAP521112,521
ALL,1,ZAP521113,521
ALL,1,ZAP521132,521
ALL,1,ZAP521133,521
ALL,1,ZAP521616,521
ALL,1,ZAP521636,521
ALL,1,ZAP521714,521
ALL,1,ZAP521734,521
ALL,1,ZAP521N10,521
ALL,1,ZAP521N30,521
